variant,alpha,seed,clean,noise0.1,noise0.2,noise0.3,wnoise0.1,wnoise0.3,wnoise0.5,cert0.05,cert0.1
corridor,-0.9,0,0.9376391982182628,0.9086859688195992,0.7884187082405345,0.6547884187082404,0.9360801781737192,0.9320712694877505,0.9262806236080177,0.8953229398663697,0.8485523385300668
corridor,-0.9,1,0.9510022271714922,0.9175946547884186,0.7939866369710469,0.6494432071269487,0.9512249443207128,0.948997772828508,0.9456570155902003,0.9287305122494433,0.8775055679287305
corridor,-0.9,2,0.955456570155902,0.9160356347438752,0.792204899777283,0.6414253897550111,0.9527839643652563,0.9474387527839646,0.9414253897550109,0.9198218262806236,0.8485523385300668
corridor,-0.9,3,0.9398663697104677,0.9171492204899778,0.7928730512249444,0.6458797327394208,0.9394209354120265,0.942316258351893,0.9412026726057906,0.9131403118040089,0.8507795100222717
corridor,-0.9,4,0.9265033407572383,0.8973273942093541,0.7726057906458798,0.6289532293986637,0.928730512249443,0.928730512249443,0.9218262806236079,0.9086859688195991,0.8530066815144766
corridor,-0.6,0,0.9510022271714922,0.9173719376391981,0.7868596881959912,0.6285077951002227,0.9510022271714924,0.9483296213808463,0.9342984409799554,0.9086859688195991,0.8374164810690423
corridor,-0.6,1,0.9465478841870824,0.9126948775055679,0.7861915367483296,0.6334075723830735,0.9447661469933184,0.9438752783964365,0.9414253897550111,0.9265033407572383,0.8730512249443207
corridor,-0.6,2,0.9465478841870824,0.9133630289532293,0.7955456570155903,0.644543429844098,0.9474387527839646,0.943652561247216,0.9398663697104676,0.9131403118040089,0.8485523385300668
corridor,-0.6,3,0.9287305122494433,0.9095768374164811,0.7875278396436526,0.6260579064587973,0.929175946547884,0.9347438752783963,0.9342984409799554,0.9086859688195991,0.844097995545657
corridor,-0.6,4,0.9354120267260579,0.8935412026726057,0.7547884187082405,0.6071269487750557,0.9342984409799554,0.931403118040089,0.9278396436525611,0.9131403118040089,0.8663697104677061
corridor,-0.3,0,0.9420935412026726,0.9060133630289533,0.776837416481069,0.6287305122494432,0.9418708240534519,0.9385300668151446,0.93184855233853,0.9020044543429844,0.8262806236080178
corridor,-0.3,1,0.9420935412026726,0.9097995545657016,0.778619153674833,0.6325167037861915,0.939643652561247,0.9376391982182627,0.9342984409799554,0.910913140311804,0.8596881959910914
corridor,-0.3,2,0.9443207126948775,0.9144766146993317,0.7897550111358574,0.6443207126948775,0.9456570155902007,0.94097995545657,0.9367483296213808,0.9131403118040089,0.8574610244988864
corridor,-0.3,3,0.9309576837416481,0.9115812917594655,0.7855233853006681,0.6298440979955456,0.9307349665924274,0.9342984409799554,0.9347438752783963,0.9131403118040089,0.8574610244988864
corridor,-0.3,4,0.9376391982182628,0.8973273942093541,0.7592427616926504,0.610467706013363,0.9385300668151446,0.93184855233853,0.9253897550111357,0.9042316258351893,0.8641425389755011
corridor,0.0,0,0.9443207126948775,0.9004454342984409,0.7674832962138085,0.6162583518930957,0.9429844097995543,0.9367483296213808,0.9334075723830735,0.888641425389755,0.8195991091314031
corridor,0.0,1,0.933184855233853,0.9066815144766146,0.7790645879732739,0.6267260579064587,0.9374164810690422,0.9349665924276168,0.9351893095768373,0.9064587973273942,0.8641425389755011
corridor,0.0,2,0.9398663697104677,0.9062360801781738,0.7866369710467706,0.64543429844098,0.939643652561247,0.9378619153674832,0.9336302895322939,0.9086859688195991,0.8619153674832962
corridor,0.0,3,0.8552338530066815,0.8403118040089087,0.7405345211581291,0.6064587973273943,0.8559020044543428,0.8570155902004455,0.8561247216035636,0.8374164810690423,0.7884187082405345
corridor,0.0,4,0.9376391982182628,0.8959910913140312,0.7614699331848552,0.6040089086859688,0.9383073496659241,0.9311804008908686,0.9273942093541201,0.9198218262806236,0.8663697104677061
corridor,0.3,0,0.9576837416481069,0.9233853006681514,0.8028953229398663,0.6503340757238307,0.9563474387527842,0.9552338530066816,0.9429844097995546,0.910913140311804,0.8530066815144766
corridor,0.3,1,0.955456570155902,0.9265033407572382,0.7984409799554566,0.6481069042316259,0.9541202672605792,0.9521158129175946,0.944097995545657,0.9242761692650334,0.8819599109131403
corridor,0.3,2,0.9398663697104677,0.9173719376391982,0.7937639198218263,0.658129175946548,0.9423162583518929,0.9365256124721603,0.9389755011135857,0.9131403118040089,0.8663697104677061
corridor,0.3,3,0.9265033407572383,0.8988864142538976,0.788641425389755,0.6338530066815145,0.9244988864142538,0.921380846325167,0.9218262806236079,0.8975501113585747,0.8463251670378619
corridor,0.3,4,0.9398663697104677,0.8924276169265033,0.7587973273942092,0.6035634743875278,0.9394209354120265,0.933184855233853,0.9260579064587973,0.9042316258351893,0.8596881959910914
corridor,0.6,0,0.9732739420935412,0.949443207126949,0.8505567928730512,0.7109131403118041,0.9714922048997774,0.966815144766147,0.9616926503340759,0.9309576837416481,0.8841870824053452
corridor,0.6,1,0.9643652561247216,0.9407572383073495,0.8383073496659244,0.6859688195991092,0.9634743875278398,0.9574610244988866,0.9487750556792871,0.9220489977728286,0.8530066815144766
corridor,0.6,2,0.9599109131403119,0.9416481069042314,0.8363028953229398,0.6977728285077951,0.960356347438753,0.955902004454343,0.9514476614699332,0.9376391982182628,0.8752783964365256
corridor,0.6,3,0.9287305122494433,0.9017817371937639,0.8037861915367482,0.65456570155902,0.9256124721603562,0.9231625835189309,0.9220489977728284,0.8930957683741648,0.8084632516703786
corridor,0.6,4,0.9576837416481069,0.9369710467706012,0.8171492204899776,0.6474387527839645,0.95902004454343,0.9516703786191538,0.9472160356347438,0.9354120267260579,0.8752783964365256
corridor,0.9,0,0.9755011135857461,0.9583518930957686,0.8881959910913141,0.766815144766147,0.9748329621380847,0.9690423162583519,0.9614699331848554,0.9153674832962138,0.7394209354120267
corridor,0.9,1,0.9710467706013363,0.9552338530066816,0.8902004454342984,0.7665924276169266,0.971269487750557,0.9670378619153676,0.959910913140312,0.9354120267260579,0.7817371937639198
corridor,0.9,2,0.9621380846325167,0.9541202672605792,0.8897550111358574,0.754120267260579,0.9636971046770603,0.9608017817371939,0.9534521158129176,0.9175946547884187,0.7461024498886414
corridor,0.9,3,0.9532293986636972,0.9376391982182627,0.8692650334075724,0.7409799554565701,0.95902004454343,0.9594654788418708,0.948997772828508,0.9131403118040089,0.7104677060133631
corridor,0.9,4,0.9732739420935412,0.9483296213808463,0.8730512249443206,0.7322939866369711,0.9706013363028955,0.9648106904231627,0.9516703786191536,0.9086859688195991,0.7394209354120267
corridor+box,-0.9,0,0.7438752783964365,0.7365256124721604,0.6850779510022271,0.6247216035634745,0.7405345211581291,0.743207126948775,0.7425389755011136,0.7015590200445434,0.6458797327394209
corridor+box,-0.9,1,0.7527839643652561,0.7409799554565701,0.7006681514476615,0.6307349665924277,0.7516703786191536,0.7518930957683742,0.74543429844098,0.7193763919821826,0.643652561247216
corridor+box,-0.9,2,0.8864142538975501,0.8683741648106904,0.8140311804008908,0.7202672605790645,0.8859688195991092,0.86815144766147,0.8547884187082404,0.8351893095768375,0.6904231625835189
corridor+box,-0.9,3,0.8173719376391982,0.8084632516703787,0.7657015590200446,0.6870824053452115,0.8233853006681515,0.8329621380846325,0.8180400890868598,0.7817371937639198,0.7015590200445434
corridor+box,-0.9,4,0.799554565701559,0.789532293986637,0.7409799554565701,0.6474387527839643,0.7988864142538976,0.7973273942093542,0.7806236080178174,0.7750556792873051,0.7082405345211581
corridor+box,-0.6,0,0.7193763919821826,0.7193763919821826,0.6835189309576838,0.6138084632516705,0.7167037861915366,0.7184855233853005,0.7211581291759466,0.6859688195991092,0.6347438752783965
corridor+box,-0.6,1,0.755011135857461,0.7418708240534521,0.7064587973273943,0.6342984409799555,0.7545657015590199,0.7523385300668151,0.7434298440979955,0.732739420935412,0.6904231625835189
corridor+box,-0.6,2,0.8685968819599109,0.8552338530066814,0.8024498886414253,0.72271714922049,0.8625835189309576,0.8394209354120268,0.8420935412026725,0.779510022271715,0.6993318485523385
corridor+box,-0.6,3,0.799554565701559,0.7968819599109132,0.7585746102449888,0.687750556792873,0.8037861915367482,0.8002227171492204,0.8035634743875277,0.779510022271715,0.7282850779510023
corridor+box,-0.6,4,0.8173719376391982,0.8033407572383073,0.7612472160356348,0.6657015590200445,0.8158129175946547,0.8097995545657015,0.7868596881959912,0.779510022271715,0.734966592427617
corridor+box,-0.3,0,0.7216035634743875,0.7189309576837417,0.6750556792873053,0.610467706013363,0.7265033407572383,0.7262806236080179,0.7227171492204899,0.688195991091314,0.6391982182628062
corridor+box,-0.3,1,0.7572383073496659,0.7456570155902005,0.7091314031180401,0.6287305122494431,0.7587973273942094,0.7601336302895323,0.7505567928730512,0.7238307349665924,0.6904231625835189
corridor+box,-0.3,2,0.7906458797327395,0.7830734966592429,0.7523385300668151,0.6922048997772828,0.789977728285078,0.778619153674833,0.7788418708240534,0.7371937639198218,0.6302895322939867
corridor+box,-0.3,3,0.8040089086859689,0.7948775055679287,0.7465478841870824,0.6763919821826281,0.8180400890868598,0.8151447661469934,0.8082405345211582,0.6948775055679287,0.623608017817372
corridor+box,-0.3,4,0.821826280623608,0.8089086859688196,0.7665924276169265,0.676837416481069,0.820489977728285,0.8095768374164811,0.7888641425389755,0.77728285077951,0.7126948775055679
corridor+box,0.0,0,0.7305122494432071,0.7138084632516704,0.6726057906458798,0.6069042316258351,0.7249443207126948,0.722271714922049,0.7133630289532293,0.6815144766146993,0.6458797327394209
corridor+box,0.0,1,0.7416481069042317,0.7356347438752785,0.7097995545657015,0.6367483296213808,0.7443207126948777,0.7456570155902005,0.7440979955456571,0.7282850779510023,0.7037861915367484
corridor+box,0.0,2,0.7728285077951003,0.7755011135857461,0.7425389755011136,0.6728285077951002,0.7815144766146994,0.811804008908686,0.7826280623608018,0.7282850779510023,0.6302895322939867
corridor+box,0.0,3,0.799554565701559,0.7913140311804009,0.7527839643652561,0.6708240534521158,0.7979955456570156,0.7973273942093542,0.7881959910913141,0.7728285077951003,0.7238307349665924
corridor+box,0.0,4,0.7527839643652561,0.7427616926503341,0.7093541202672606,0.6271714922048999,0.7530066815144766,0.7534521158129175,0.7394209354120267,0.7149220489977728,0.6592427616926503
corridor+box,0.3,0,0.7305122494432071,0.7244988864142539,0.6906458797327394,0.6198218262806237,0.7298440979955456,0.7276169265033408,0.7178173719376393,0.7060133630289532,0.6815144766146993
corridor+box,0.3,1,0.7461024498886414,0.7398663697104677,0.7048997772828507,0.6276169265033407,0.7452115812917596,0.743207126948775,0.7267260579064587,0.7260579064587973,0.7060133630289532
corridor+box,0.3,2,0.7951002227171492,0.7906458797327395,0.7532293986636971,0.6792873051224946,0.7964365256124722,0.7988864142538976,0.7977728285077951,0.7572383073496659,0.6993318485523385
corridor+box,0.3,3,0.7906458797327395,0.7737193763919821,0.7387527839643653,0.6648106904231625,0.7861915367483296,0.7826280623608018,0.7801781737193764,0.7527839643652561,0.7216035634743875
corridor+box,0.3,4,0.7639198218262806,0.7521158129175947,0.7202672605790645,0.6342984409799555,0.7639198218262806,0.7641425389755012,0.743207126948775,0.7238307349665924,0.6926503340757239
corridor+box,0.6,0,0.8307349665924276,0.8233853006681514,0.7861915367483296,0.7066815144766148,0.8285077951002228,0.8320712694877506,0.8133630289532293,0.799554565701559,0.7639198218262806
corridor+box,0.6,1,0.7527839643652561,0.7518930957683742,0.7216035634743876,0.6538975501113586,0.7523385300668151,0.7516703786191536,0.7521158129175947,0.734966592427617,0.7193763919821826
corridor+box,0.6,2,0.8485523385300668,0.8405345211581292,0.8062360801781736,0.7345211581291758,0.8465478841870825,0.8449888641425389,0.8389755011135858,0.8129175946547884,0.7394209354120267
corridor+box,0.6,3,0.8129175946547884,0.8031180400890868,0.7721603563474387,0.6908685968819599,0.8097995545657015,0.8097995545657015,0.8046770601336304,0.7928730512249443,0.7438752783964365
corridor+box,0.6,4,0.7884187082405345,0.778619153674833,0.7481069042316258,0.653229398663697,0.7888641425389755,0.7884187082405345,0.7766146993318486,0.7728285077951003,0.7371937639198218
corridor+box,0.9,0,0.7706013363028953,0.7677060133630289,0.7383073496659243,0.6625835189309577,0.7719376391982183,0.7699331848552339,0.7614699331848553,0.7438752783964365,0.6948775055679287
corridor+box,0.9,1,0.7572383073496659,0.756347438752784,0.7314031180400891,0.6677060133630289,0.7581291759465479,0.7554565701559021,0.7487750556792874,0.7394209354120267,0.688195991091314
corridor+box,0.9,2,0.7861915367483296,0.7792873051224944,0.7494432071269488,0.6750556792873051,0.7830734966592429,0.7790645879732739,0.767706013363029,0.7594654788418709,0.7037861915367484
corridor+box,0.9,3,0.8106904231625836,0.8015590200445434,0.7746102449888642,0.7031180400890868,0.8095768374164811,0.8111358574610245,0.7984409799554566,0.7728285077951003,0.7126948775055679
corridor+box,0.9,4,0.7527839643652561,0.74543429844098,0.7118040089086859,0.6400890868596882,0.7514476614699331,0.7962138084632517,0.7585746102449888,0.7193763919821826,0.6525612472160356
